Workbook

Sheet Лист1
A1: periodData | B1: region_name | C1: region_id | D1: region_color | E1: stores_name | F1: store_id | G1: Plan | H1: Fact | I1: losses | J1: shortages | K1: fop | L1: shiftRemainder | M1: losses | N1: shortages | O1: fop | P1: shiftRemainder
G2: 100 | I2: negative | J2: negative | K2: negative | L2: negative | M2: 20 | N2: 100 | O2: 15 | P2: 10 | S2: =MAX(R3:R19) -> 1.8559022 | T2: =MAX(R20:R36) -> 1.3018579
A3: 1 | B3: Белая Церковь | C3: region_2 | D3: #3498db | E3: 100 БЦ (РУЛЬКА) | F3: store_1 | G3: 19591959 | H3: =VLOOKUP(E3,Лист2!A:K,3,0) -> 23351607 | I3: =VLOOKUP(E3,Лист2!A:K,5,0) -> 340116.97 | J3: =VLOOKUP(E3,Лист2!A:K,7,0) -> 905066.28 | K3: =VLOOKUP(E3,Лист2!A:K,10,0) -> 1183687.9 | L3: 415908.17 | M3: 0.0128 | N3: 0.001599 | O3: 0.05 | P3: 0.002 | Q3: =H3*O3 -> 1167580.3 | R3: =IF(Q3/K3>2,2,Q3/K3) -> 0.98639209 | S3: =R3/$S$2*$O$2 -> 7.972339
A4: 1 | B4: Белая Церковь | C4: region_2 | D4: #3498db | E4: 101 БЦ (ЩЕДРИК) | F4: store_2 | G4: 1938784 | H4: =VLOOKUP(E4,Лист2!A:K,3,0) -> 2507130.6 | I4: =VLOOKUP(E4,Лист2!A:K,5,0) -> 906.39 | J4: =VLOOKUP(E4,Лист2!A:K,7,0) -> 72053.38 | K4: =VLOOKUP(E4,Лист2!A:K,10,0) -> 134775 | L4: 12052.345 | M4: 0.0115 | N4: 0.001066 | O4: 0.05 | P4: 0.0103 | Q4: =H4*O4 -> 125356.53 | R4: =IF(Q4/K4>2,2,Q4/K4) -> 0.93011708 | S4: =R4/$S$2*$O$2 -> 7.5175062
A5: 1 | B5: Белая Церковь | C5: region_2 | D5: #3498db | E5: 102 БЦ (РУЛЬКА) | F5: store_3 | G5: 22755058 | H5: =VLOOKUP(E5,Лист2!A:K,3,0) -> 17154614 | I5: =VLOOKUP(E5,Лист2!A:K,5,0) -> 219251.72 | J5: =VLOOKUP(E5,Лист2!A:K,7,0) -> 26162.53 | K5: =VLOOKUP(E5,Лист2!A:K,10,0) -> 950479.86 | L5: 355339.4 | M5: 0.0077 | N5: 0.0019 | O5: 0.05 | P5: 0.0062 | Q5: =H5*O5 -> 857730.68 | R5: =IF(Q5/K5>2,2,Q5/K5) -> 0.90241857 | S5: =R5/$S$2*$O$2 -> 7.2936379
A6: 1 | B6: Белая Церковь | C6: region_2 | D6: #3498db | E6: 87 БЦ (ЩЕДРИК) Грушевского | F6: store_4 | G6: 2686986 | H6: =VLOOKUP(E6,Лист2!A:K,3,0) -> 3261158.7 | I6: =VLOOKUP(E6,Лист2!A:K,5,0) -> 11393.01 | J6: =VLOOKUP(E6,Лист2!A:K,7,0) -> 69063.68 | K6: =VLOOKUP(E6,Лист2!A:K,10,0) -> 215080.68 | L6: 10297.922 | M6: 0.0077 | N6: 0.0019 | O6: 0.05 | P6: 0.0062 | Q6: =H6*O6 -> 163057.93 | R6: =IF(Q6/K6>2,2,Q6/K6) -> 0.7581245 | S6: =R6/$S$2*$O$2 -> 6.1274067
A7: 1 | B7: Днепр | C7: region_3 | D7: #82cda2 | E7: 001 Днепр (РУЛЬКА) | F7: store_5 | G7: 9091366 | H7: =VLOOKUP(E7,Лист2!A:K,3,0) -> 8996043.8 | I7: =VLOOKUP(E7,Лист2!A:K,5,0) -> 152767.69 | J7: =VLOOKUP(E7,Лист2!A:K,7,0) -> 7136.64 | K7: =VLOOKUP(E7,Лист2!A:K,10,0) -> 634099.98 | L7: 280739.12 | M7: 0.0134 | N7: 0.003198 | O7: 0.05 | P7: 0.0039 | Q7: =H7*O7 -> 449802.19 | R7: =IF(Q7/K7>2,2,Q7/K7) -> 0.70935531 | S7: =R7/$S$2*$O$2 -> 5.7332384
A8: 1 | B8: Киев | C8: region_1 | D8: #cbb86d | E8: 108 Киев (РУЛЬКА) | F8: store_6 | G8: 6743579 | H8: =VLOOKUP(E8,Лист2!A:K,3,0) -> 6642878.7 | I8: =VLOOKUP(E8,Лист2!A:K,5,0) -> 3409.33 | J8: =VLOOKUP(E8,Лист2!A:K,7,0) -> 65470.52 | K8: =VLOOKUP(E8,Лист2!A:K,10,0) -> 407617.55 | L8: 91207.59 | M8: 0.0005 | N8: 0.001066 | O8: 0.05 | P8: 0.011 | Q8: =H8*O8 -> 332143.93 | R8: =IF(Q8/K8>2,2,Q8/K8) -> 0.81484209 | S8: =R8/$S$2*$O$2 -> 6.5858165
A9: 1 | B9: Харьков | C9: region_4 | D9: #b77 | E9: 199 Первомайский (РУЛЬКА) | F9: store_7 | G9: 15993683 | H9: =VLOOKUP(E9,Лист2!A:K,3,0) -> 16522920 | I9: =VLOOKUP(E9,Лист2!A:K,5,0) -> 175749.88 | J9: =VLOOKUP(E9,Лист2!A:K,7,0) -> 167844 | K9: =VLOOKUP(E9,Лист2!A:K,10,0) -> 797764.07 | L9: 320983.74 | M9: 0.0092 | N9: 0.002665 | O9: 0.05 | P9: 0.0046 | Q9: =H9*O9 -> 826145.98 | R9: =IF(Q9/K9>2,2,Q9/K9) -> 1.0355768 | S9: =R9/$S$2*$O$2 -> 8.3698659
A10: 1 | B10: Харьков | C10: region_4 | D10: #b77 | E10: 210 Люботин (ЩЕДРИК) | F10: store_8 | G10: 3868280 | H10: =VLOOKUP(E10,Лист2!A:K,3,0) -> 4053690.1 | I10: =VLOOKUP(E10,Лист2!A:K,5,0) -> 36903.59 | J10: =VLOOKUP(E10,Лист2!A:K,7,0) -> 67225.78 | K10: =VLOOKUP(E10,Лист2!A:K,10,0) -> 210064.82 | L10: 37777.314 | M10: 0.009 | N10: 0.001599 | O10: 0.05 | P10: 0.0042 | Q10: =H10*O10 -> 202684.51 | R10: =IF(Q10/K10>2,2,Q10/K10) -> 0.96486649 | S10: =R10/$S$2*$O$2 -> 7.7983621
A11: 1 | B11: Харьков | C11: region_4 | D11: #b77 | E11: 220 Ольшаны (РУЛЬКА) | F11: store_9 | G11: 19794522 | H11: =VLOOKUP(E11,Лист2!A:K,3,0) -> 20005520 | I11: =VLOOKUP(E11,Лист2!A:K,5,0) -> 214768.75 | J11: =VLOOKUP(E11,Лист2!A:K,7,0) -> 223063.28 | K11: =VLOOKUP(E11,Лист2!A:K,10,0) -> 977675.27 | L11: 140024.65 | M11: 0.0058 | N11: 0.001066 | O11: 0.05 | P11: 0.0049 | Q11: =H11*O11 -> 1000276 | R11: =IF(Q11/K11>2,2,Q11/K11) -> 1.0231168 | S11: =R11/$S$2*$O$2 -> 8.2691602
A12: 1 | B12: Харьков | C12: region_4 | D12: #b77 | E12: 222 Лозовая (РУЛЬКА) | F12: store_10 | G12: 21909086 | H12: =VLOOKUP(E12,Лист2!A:K,3,0) -> 22951290 | I12: =VLOOKUP(E12,Лист2!A:K,5,0) -> 240439.15 | J12: =VLOOKUP(E12,Лист2!A:K,7,0) -> 8926.95 | K12: =VLOOKUP(E12,Лист2!A:K,10,0) -> 1145454.3 | L12: 408158.79 | M12: 0.0068 | N12: 0.001066 | O12: 0.05 | P12: 0.0032 | Q12: =H12*O12 -> 1147564.5 | R12: =IF(Q12/K12>2,2,Q12/K12) -> 1.0018422 | S12: =R12/$S$2*$O$2 -> 8.0972122
A13: 1 | B13: Харьков | C13: region_4 | D13: #b77 | E13: 229 Красноград (РУЛЬКА) | F13: store_11 | G13: 17009357 | H13: =VLOOKUP(E13,Лист2!A:K,3,0) -> 17127476 | I13: =VLOOKUP(E13,Лист2!A:K,5,0) -> 161633.36 | J13: =VLOOKUP(E13,Лист2!A:K,7,0) -> 191602.47 | K13: =VLOOKUP(E13,Лист2!A:K,10,0) -> 741443.19 | L13: 129564.88 | M13: 0.0068 | N13: 0.001066 | O13: 0.05 | P13: 0.0039 | Q13: =H13*O13 -> 856373.82 | R13: =IF(Q13/K13>2,2,Q13/K13) -> 1.1550094 | S13: =R13/$S$2*$O$2 -> 9.3351581
A14: 1 | B14: Харьков | C14: region_4 | D14: #b77 | E14: 230 Чугуев (РУЛЬКА) | F14: store_12 | G14: 24798734 | H14: =VLOOKUP(E14,Лист2!A:K,3,0) -> 26507856 | I14: =VLOOKUP(E14,Лист2!A:K,5,0) -> 128859.79 | J14: =VLOOKUP(E14,Лист2!A:K,7,0) -> 37976.69 | K14: =VLOOKUP(E14,Лист2!A:K,10,0) -> 975832.29 | L14: 207175.96 | M14: 0.0031 | N14: 0.001066 | O14: 0.05 | P14: 0.0013 | Q14: =H14*O14 -> 1325392.8 | R14: =IF(Q14/K14>2,2,Q14/K14) -> 1.3582178 | S14: =R14/$S$2*$O$2 -> 10.977554
... A19: 1 | B19: Харьков | C19: region_4 | D19: #b77 | E19: 282 Максимовка (ЩЕДРИК) | F19: store_17 | G19: 3312987 | H19: =VLOOKUP(E19,Лист2!A:K,3,0) -> 3213559.5 | I19: =VLOOKUP(E19,Лист2!A:K,5,0) -> 32154.19 | J19: =VLOOKUP(E19,Лист2!A:K,7,0) -> 3780.6 | K19: =VLOOKUP(E19,Лист2!A:K,10,0) -> 205546.67 | L19: 68784.183 | M19: 0.0069 | N19: 0.003198 | O19: 0.05 | P19: 0.0122 | Q19: =H19*O19 -> 160677.98 | R19: =IF(Q19/K19>2,2,Q19/K19) -> 0.78171043 | S19: =R19/$S$2*$O$2 -> 6.3180358
A20: 2 | B20: Белая Церковь | C20: region_2 | D20: #3498db | E20: 100 БЦ (РУЛЬКА) | F20: store_1 | G20: 21379072 | H20: =VLOOKUP(E20,Лист2!A:K,2,0) -> 22377805 | I20: =VLOOKUP(E20,Лист2!A:K,4,0) -> 278296.7 | J20: =VLOOKUP(E20,Лист2!A:K,6,0) -> 452006.75 | K20: =VLOOKUP(E20,Лист2!A:K,9,0) -> 1129236.2 | L20: 109023.98 | M20: 0.0128 | N20: 0.001599 | O20: 0.05 | P20: 0.002 | Q20: =H20*O20 -> 1118890.2 | R20: =IF(Q20/K20>2,2,Q20/K20) -> 0.99083804 | S20: =R20/$T$2*$O$2 -> 11.416431
A21: 2 | B21: Белая Церковь | C21: region_2 | D21: #3498db | E21: 101 БЦ (ЩЕДРИК) | F21: store_2 | G21: 2100233 | H21: =VLOOKUP(E21,Лист2!A:K,2,0) -> 2296569 | I21: =VLOOKUP(E21,Лист2!A:K,4,0) -> 2450.86 | J21: =VLOOKUP(E21,Лист2!A:K,6,0) -> 22035.74 | K21: =VLOOKUP(E21,Лист2!A:K,9,0) -> 112435 | L21: 16538.764 | M21: 0.0115 | N21: 0.001066 | O21: 0.05 | P21: 0.0103 | Q21: =H21*O21 -> 114828.45 | R21: =IF(Q21/K21>2,2,Q21/K21) -> 1.0212874 | S21: =R21/$T$2*$O$2 -> 11.767269
A22: 2 | B22: Белая Церковь | C22: region_2 | D22: #3498db | E22: 102 БЦ (РУЛЬКА) | F22: store_3 | G22: 6000000 | H22: =VLOOKUP(E22,Лист2!A:K,2,0) -> 8754757.3 | I22: =VLOOKUP(E22,Лист2!A:K,4,0) -> 2613.98 | J22: =VLOOKUP(E22,Лист2!A:K,6,0) -> 11687.46 | K22: =VLOOKUP(E22,Лист2!A:K,9,0) -> 881288 | L22: 4645.74 | M22: 0.0077 | N22: 0.0019 | O22: 0.05 | P22: 0.0062 | Q22: =H22*O22 -> 437737.86 | R22: =IF(Q22/K22>2,2,Q22/K22) -> 0.4967024 | S22: =R22/$T$2*$O$2 -> 5.7230026
A23: 2 | B23: Белая Церковь | C23: region_2 | D23: #3498db | E23: 87 БЦ (ЩЕДРИК) Грушевского | F23: store_4 | G23: 3232951 | H23: =VLOOKUP(E23,Лист2!A:K,2,0) -> 3156377.3 | I23: =VLOOKUP(E23,Лист2!A:K,4,0) -> 8713.28 | J23: =VLOOKUP(E23,Лист2!A:K,6,0) -> 96077.08 | K23: =VLOOKUP(E23,Лист2!A:K,9,0) -> 193900 | L23: 22909.393 | M23: 0.0077 | N23: 0.0019 | O23: 0.05 | P23: 0.0062 | Q23: =H23*O23 -> 157818.87 | R23: =IF(Q23/K23>2,2,Q23/K23) -> 0.81391886 | S23: =R23/$T$2*$O$2 -> 9.3779691
A24: 2 | B24: Днепр | C24: region_3 | D24: #82cda2 | E24: 001 Днепр (РУЛЬКА) | F24: store_5 | G24: 8508152 | H24: =VLOOKUP(E24,Лист2!A:K,2,0) -> 8782254.2 | I24: =VLOOKUP(E24,Лист2!A:K,4,0) -> 114550.21 | J24: =VLOOKUP(E24,Лист2!A:K,6,0) -> 215004.99 | K24: =VLOOKUP(E24,Лист2!A:K,9,0) -> 560636.86 | L24: 17399.486 | M24: 0.0134 | N24: 0.003198 | O24: 0.05 | P24: 0.0039 | Q24: =H24*O24 -> 439112.71 | R24: =IF(Q24/K24>2,2,Q24/K24) -> 0.7832391 | S24: =R24/$T$2*$O$2 -> 9.0244771
A25: 2 | B25: Киев | C25: region_1 | D25: #cbb86d | E25: 108 Киев (РУЛЬКА) | F25: store_6 | G25: 6150356 | H25: =VLOOKUP(E25,Лист2!A:K,2,0) -> 6331291.5 | I25: =VLOOKUP(E25,Лист2!A:K,4,0) -> 848.46 | J25: =VLOOKUP(E25,Лист2!A:K,6,0) -> 55561.33 | K25: =VLOOKUP(E25,Лист2!A:K,9,0) -> 357491.39 | L25: 7466.04 | M25: 0.0005 | N25: 0.001066 | O25: 0.05 | P25: 0.011 | Q25: =H25*O25 -> 316564.57 | R25: =IF(Q25/K25>2,2,Q25/K25) -> 0.88551664 | S25: =R25/$T$2*$O$2 -> 10.202918
A26: 2 | B26: Харьков | C26: region_4 | D26: #b77 | E26: 199 Первомайский (РУЛЬКА) | F26: store_7 | G26: 15306555 | H26: =VLOOKUP(E26,Лист2!A:K,2,0) -> 15570538 | I26: =VLOOKUP(E26,Лист2!A:K,4,0) -> 175447.9 | J26: =VLOOKUP(E26,Лист2!A:K,6,0) -> 272389.03 | K26: =VLOOKUP(E26,Лист2!A:K,9,0) -> 787796.12 | L26: 30519.867 | M26: 0.0092 | N26: 0.002665 | O26: 0.05 | P26: 0.0046 | Q26: =H26*O26 -> 778526.92 | R26: =IF(Q26/K26>2,2,Q26/K26) -> 0.98823402 | S26: =R26/$T$2*$O$2 -> 11.386427
A27: 2 | B27: Харьков | C27: region_4 | D27: #b77 | E27: 210 Люботин (ЩЕДРИК) | F27: store_8 | G27: 3762746 | H27: =VLOOKUP(E27,Лист2!A:K,2,0) -> 3787951.4 | I27: =VLOOKUP(E27,Лист2!A:K,4,0) -> 46493.04 | J27: =VLOOKUP(E27,Лист2!A:K,6,0) -> 76596.06 | K27: =VLOOKUP(E27,Лист2!A:K,9,0) -> 218845.31 | L27: 7222.8 | M27: 0.009 | N27: 0.001599 | O27: 0.05 | P27: 0.0042 | Q27: =H27*O27 -> 189397.57 | R27: =IF(Q27/K27>2,2,Q27/K27) -> 0.86544038 | S27: =R27/$T$2*$O$2 -> 9.9715998
A28: 2 | B28: Харьков | C28: region_4 | D28: #b77 | E28: 220 Ольшаны (РУЛЬКА) | F28: store_9 | G28: 18026002 | H28: =VLOOKUP(E28,Лист2!A:K,2,0) -> 19295922 | I28: =VLOOKUP(E28,Лист2!A:K,4,0) -> 173219.16 | J28: =VLOOKUP(E28,Лист2!A:K,6,0) -> 10841.97 | K28: =VLOOKUP(E28,Лист2!A:K,9,0) -> 918662.31 | L28: 19952.25 | M28: 0.0058 | N28: 0.001066 | O28: 0.05 | P28: 0.0049 | Q28: =H28*O28 -> 964796.08 | R28: =IF(Q28/K28>2,2,Q28/K28) -> 1.0502184 | S28: =R28/$T$2*$O$2 -> 12.100611
A29: 2 | B29: Харьков | C29: region_4 | D29: #b77 | E29: 222 Лозовая (РУЛЬКА) | F29: store_10 | G29: 21282486 | H29: =VLOOKUP(E29,Лист2!A:K,2,0) -> 21928287 | I29: =VLOOKUP(E29,Лист2!A:K,4,0) -> 245143.75 | J29: =VLOOKUP(E29,Лист2!A:K,6,0) -> 258047.3 | K29: =VLOOKUP(E29,Лист2!A:K,9,0) -> 1075360.1 | L29: 30274.82 | M29: 0.0068 | N29: 0.001066 | O29: 0.05 | P29: 0.0032 | Q29: =H29*O29 -> 1096414.4 | R29: =IF(Q29/K29>2,2,Q29/K29) -> 1.0195788 | S29: =R29/$T$2*$O$2 -> 11.747582
A30: 2 | B30: Харьков | C30: region_4 | D30: #b77 | E30: 229 Красноград (РУЛЬКА) | F30: store_11 | G30: 16421348 | H30: =VLOOKUP(E30,Лист2!A:K,2,0) -> 16592421 | I30: =VLOOKUP(E30,Лист2!A:K,4,0) -> 166414.34 | J30: =VLOOKUP(E30,Лист2!A:K,6,0) -> 21085.25 | K30: =VLOOKUP(E30,Лист2!A:K,9,0) -> 775214.89 | L30: 24702.48 | M30: 0.0068 | N30: 0.001066 | O30: 0.05 | P30: 0.0039 | Q30: =H30*O30 -> 829621.06 | R30: =IF(Q30/K30>2,2,Q30/K30) -> 1.0701821 | S30: =R30/$T$2*$O$2 -> 12.330632
A31: 2 | B31: Харьков | C31: region_4 | D31: #b77 | E31: 230 Чугуев (РУЛЬКА) | F31: store_12 | G31: 24394317 | H31: =VLOOKUP(E31,Лист2!A:K,2,0) -> 24732367 | I31: =VLOOKUP(E31,Лист2!A:K,4,0) -> 138177.79 | J31: =VLOOKUP(E31,Лист2!A:K,6,0) -> 19775.87 | K31: =VLOOKUP(E31,Лист2!A:K,9,0) -> 949887.36 | L31: 20745.92 | M31: 0.0031 | N31: 0.001066 | O31: 0.05 | P31: 0.0013 | Q31: =H31*O31 -> 1236618.3 | R31: =IF(Q31/K31>2,2,Q31/K31) -> 1.3018579 | S31: =R31/$T$2*$O$2 -> 15
... A36: 2 | B36: Харьков | C36: region_4 | D36: #b77 | E36: 282 Максимовка (ЩЕДРИК) | F36: store_17 | G36: 2861224 | H36: =VLOOKUP(E36,Лист2!A:K,2,0) -> 3227732 | I36: =VLOOKUP(E36,Лист2!A:K,4,0) -> 45634.55 | J36: =VLOOKUP(E36,Лист2!A:K,6,0) -> 68818.87 | K36: =VLOOKUP(E36,Лист2!A:K,9,0) -> 189660.15 | L36: 5190.968 | M36: 0.0069 | N36: 0.003198 | O36: 0.05 | P36: 0.0122 | Q36: =H36*O36 -> 161386.6 | R36: =IF(Q36/K36>2,2,Q36/K36) -> 0.85092518 | S36: =R36/$T$2*$O$2 -> 9.8043558

Sheet Лист2
A1: Регион | B1: Выторг | D1: Списания | F1: Недостачи инвент | I1: Зарплаты
A2: Магазин | B2: Выторг1недели | C2: Выторг2недели | D2: Списания1недели | E2: Списания2недели | F2: Недостачи инвент1неделя | G2: Недостачи инвент2неделя | H2: Проц недост инвент | I2: Зарплаты прод1 неделя | J2: Зарплаты прод2 неделя | K2: Проц зарплат
A3: 100 БЦ (РУЛЬКА) | B3: 22377805 | C3: 23351607 | D3: 278296.7 | E3: 340116.97 | F3: 452006.75 | G3: 905066.28 | H3: 100.23 | I3: 1129236.2 | J3: 1183687.9 | K3: 4.82
A4: 101 БЦ (ЩЕДРИК) | B4: 2296569 | C4: 2507130.6 | D4: 2450.86 | E4: 906.39 | F4: 22035.74 | G4: 72053.38 | H4: 226.98 | I4: 112435 | J4: 134775 | K4: 19.87
A5: 102 БЦ (РУЛЬКА) | B5: 8754757.3 | C5: 17154614 | D5: 2613.98 | E5: 219251.72 | F5: 11687.46 | G5: 26162.53 | H5: 123.85 | I5: 881288 | J5: 950479.86 | K5: 7.85
A6: 113 БЦ (ДАН) | B6: 4542573.8 | C6: 4838116.6 | D6: 11020.27 | E6: 7451.91 | F6: 92272.09 | G6: 78740.6 | H6: -14.66 | I6: 482764.14 | J6: 502046.11 | K6: 3.99
A7: 87 БЦ (ЩЕДРИК) Грушевского | B7: 3156377.3 | C7: 3261158.7 | D7: 8713.28 | E7: 11393.01 | F7: 96077.08 | G7: 69063.68 | H7: -28.12 | I7: 193900 | J7: 215080.68 | K7: 10.92
A8: 001 Днепр (РУЛЬКА) | B8: 8782254.2 | C8: 8996043.8 | D8: 114550.21 | E8: 152767.69 | F8: 215004.99 | G8: 7136.64 | H8: -96.68 | I8: 560636.86 | J8: 634099.98 | K8: 13.1
A9: 001 Днепр Транзитный | B9: 355110.48 | C9: 588123 | D9: 523268.55 | E9: 777854.89 | F9: 195120.68 | G9: 212416.17 | H9: 8.86
A10: 013 Борисполь | B10: 7704969.7 | C10: 7938370.4 | D10: 2377.61 | E10: 1774.77 | F10: 129751.79 | G10: 88712.51 | H10: -31.63 | I10: 589193.38 | J10: 631865.67 | K10: 7.24
A11: 108 Киев (РУЛЬКА) | B11: 6331291.5 | C11: 6642878.7 | D11: 848.46 | E11: 3409.33 | F11: 55561.33 | G11: 65470.52 | H11: 17.83 | I11: 357491.39 | J11: 407617.55 | K11: 14.02
A12: 112 Борисполь | B12: 2678924.8 | C12: 2734748.8 | F12: 70914.95 | G12: 47903.25 | H12: -32.45 | I12: 162365 | J12: 163004 | K12: 0.39
A13: 132 Борисполь | B13: 1946841.6 | C13: 2039816.4 | F13: 86972.6 | G13: 69615.79 | H13: -19.96 | I13: 113910 | J13: 117730 | K13: 3.35
A14: 199 Первомайский (РУЛЬКА) | B14: 15570538 | C14: 16522920 | D14: 175447.9 | E14: 175749.88 | F14: 272389.03 | G14: 167844 | H14: -38.38 | I14: 787796.12 | J14: 797764.07 | K14: 1.27
A15: 210 Люботин (ЩЕДРИК) | B15: 3787951.4 | C15: 4053690.1 | D15: 46493.04 | E15: 36903.59 | F15: 76596.06 | G15: 67225.78 | H15: -12.23 | I15: 218845.31 | J15: 210064.82 | K15: -4.01
A16: 211 Богодухов | B16: 1249323.7 | C16: 1169466.9 | F16: 45056 | G16: 48539.49 | H16: 7.73 | I16: 78718 | J16: 77745 | K16: -1.24
A17: 220 Ольшаны (РУЛЬКА) | B17: 19295922 | C17: 20005520 | D17: 173219.16 | E17: 214768.75 | F17: 10841.97 | G17: 223063.28 | H17: 1957.41 | I17: 918662.31 | J17: 977675.27 | K17: 6.42
A18: 222 Лозовая (РУЛЬКА) | B18: 21928287 | C18: 22951290 | D18: 245143.75 | E18: 240439.15 | F18: 258047.3 | G18: 8926.95 | H18: -96.54 | I18: 1075360.1 | J18: 1145454.3 | K18: 6.52
A19: 229 Красноград (РУЛЬКА) | B19: 16592421 | C19: 17127476 | D19: 166414.34 | E19: 161633.36 | F19: 21085.25 | G19: 191602.47 | H19: 808.7 | I19: 775214.89 | J19: 741443.19 | K19: -4.36
A20: 230 Чугуев (РУЛЬКА) | B20: 24732367 | C20: 26507856 | D20: 138177.79 | E20: 128859.79 | F20: 19775.87 | G20: 37976.69 | H20: 92.04 | I20: 949887.36 | J20: 975832.29 | K20: 2.73
A21: 234 Богодухов Кондитерка | B21: 612280.73 | C21: 624952.62 | F21: 42742.55 | G21: 25872.43 | H21: -39.47 | I21: 35533 | J21: 36768 | K21: 3.48
A22: 235 Харьков (РУЛЬКА) | B22: 6727481.4 | C22: 6716259.5 | D22: 85377.28 | E22: 95607.75 | F22: 167922.88 | G22: 134250.8 | H22: -20.05 | I22: 464714.09 | J22: 525654.45 | K22: 13.11
A23: 240 Богодухов (РУЛЬКА) | B23: 30236810 | C23: 32052692 | D23: 235038.9 | E23: 217352.95 | F23: 405668.69 | G23: 24274.43 | H23: -94.02 | I23: 1233206.3 | J23: 1246929.1 | K23: 1.11
A24: 267 Пересичное (РУЛЬКА) | B24: 16641580 | C24: 17428019 | D24: 146123.65 | E24: 144469.66 | F24: 275905.56 | G24: 261264.45 | H24: -5.31 | I24: 824999.73 | J24: 893976.07 | K24: 8.36
A25: 271 Горького (ЩЕДРИК) | B25: 1178225.1 | C25: 1151560.9 | D25: 14922.41 | E25: 33622.3 | G25: 55662.48 | H25: 100 | I25: 64147.12 | J25: 31024.29 | K25: -51.64
A26: 282 Максимовка (ЩЕДРИК) | B26: 3227732 | C26: 3213559.5 | D26: 45634.55 | E26: 32154.19 | F26: 68818.87 | G26: 3780.6 | H26: -94.51 | I26: 189660.15 | J26: 205546.67 | K26: 8.38
A27: Разом | B27: 2.3070839e+08 | C27: 2.4957787e+08 | D27: 2416132.7 | E27: 2996488 | F27: 3092255.5 | G27: 2892625.2 | H27: 117.49 | I27: 12199964 | J27: 12806264 | K27: 3.15

Sheet Лист1 (2)
A1: periodData | B1: region_name | C1: region_id | D1: region_color | E1: stores_name | F1: store_id | G1: Plan | H1: Fact | I1: losses | J1: shortages | K1: fop | L1: shiftRemainder | M1: losses | N1: shortages | O1: fop | P1: shiftRemainder
G2: 100 | I2: negative | J2: negative | K2: negative | L2: negative | M2: 20 | N2: 100 | O2: 15 | P2: 10 | S2: =MAX(R3:R19) -> 0 | T2: =MAX(R20:R36) -> 0
A3: period_2 | B3: Белая Церковь | C3: region_2 | D3: #3498db | E3: 100 БЦ (РУЛЬКА) | F3: store_1 | G3: 19591959 | H3: 23351607 | I3: 340116.97 | J3: 905066.28 | K3: 1183687.9 | L3: 415908.17 | M3: 0 | N3: 0 | O3: 0 | P3: 0 | Q3: =H3*O3 -> 0 | R3: =IF(Q3/K3>2,2,Q3/K3) -> 0 | S3: =R3/$S$2*$O$2 -> #DIV/0!
A4: period_2 | B4: Белая Церковь | C4: region_2 | D4: #3498db | E4: 101 БЦ (ЩЕДРИК) | F4: store_2 | G4: 1938784 | H4: 2507130.6 | I4: 906.39 | J4: 72053.38 | K4: 134775 | L4: 12052.345 | M4: 0 | N4: 0 | O4: 0 | P4: 0 | Q4: =H4*O4 -> 0 | R4: =IF(Q4/K4>2,2,Q4/K4) -> 0 | S4: =R4/$S$2*$O$2 -> #DIV/0!
A5: period_2 | B5: Белая Церковь | C5: region_2 | D5: #3498db | E5: 102 БЦ (РУЛЬКА) | F5: store_3 | G5: 22755058 | H5: 17154614 | I5: 219251.72 | J5: 26162.53 | K5: 950479.86 | L5: 355339.4 | M5: 0 | N5: 0 | O5: 0 | P5: 0 | Q5: =H5*O5 -> 0 | R5: =IF(Q5/K5>2,2,Q5/K5) -> 0 | S5: =R5/$S$2*$O$2 -> #DIV/0!
A6: period_2 | B6: Белая Церковь | C6: region_2 | D6: #3498db | E6: 87 БЦ (ЩЕДРИК) Грушевского | F6: store_4 | G6: 2686986 | H6: 3261158.7 | I6: 11393.01 | J6: 69063.68 | K6: 215080.68 | L6: 10297.922 | M6: 0 | N6: 0 | O6: 0 | P6: 0 | Q6: =H6*O6 -> 0 | R6: =IF(Q6/K6>2,2,Q6/K6) -> 0 | S6: =R6/$S$2*$O$2 -> #DIV/0!
A7: period_2 | B7: Днепр | C7: region_3 | D7: #82cda2 | E7: 001 Днепр (РУЛЬКА) | F7: store_5 | G7: 9091366 | H7: 8996043.8 | I7: 152767.69 | J7: 7136.64 | K7: 634099.98 | L7: 280739.12 | M7: 0 | N7: 0 | O7: 0 | P7: 0 | Q7: =H7*O7 -> 0 | R7: =IF(Q7/K7>2,2,Q7/K7) -> 0 | S7: =R7/$S$2*$O$2 -> #DIV/0!
A8: period_2 | B8: Киев | C8: region_1 | D8: #cbb86d | E8: 108 Киев (РУЛЬКА) | F8: store_6 | G8: 6743579 | H8: 6642878.7 | I8: 3409.33 | J8: 65470.52 | K8: 407617.55 | L8: 91207.59 | M8: 0 | N8: 0 | O8: 0 | P8: 0 | Q8: =H8*O8 -> 0 | R8: =IF(Q8/K8>2,2,Q8/K8) -> 0 | S8: =R8/$S$2*$O$2 -> #DIV/0!
A9: period_2 | B9: Харьков | C9: region_4 | D9: #b77 | E9: 199 Первомайский (РУЛЬКА) | F9: store_7 | G9: 15993683 | H9: 16522920 | I9: 146350.9 | J9: 167073.5 | K9: 4292 | L9: 320983.74 | M9: 0 | N9: 0 | O9: 0 | P9: 0 | Q9: =H9*O9 -> 0 | R9: =IF(Q9/K9>2,2,Q9/K9) -> 0 | S9: =R9/$S$2*$O$2 -> #DIV/0!
A10: period_2 | B10: Харьков | C10: region_4 | D10: #b77 | E10: 210 Люботин (ЩЕДРИК) | F10: store_8 | G10: 3868280 | H10: 4053690.1 | I10: 30464.93 | J10: 67225.78 | K10: 210065 | L10: 37777.314 | M10: 0 | N10: 0 | O10: 0 | P10: 0 | Q10: =H10*O10 -> 0 | R10: =IF(Q10/K10>2,2,Q10/K10) -> 0 | S10: =R10/$S$2*$O$2 -> #DIV/0!
A11: period_2 | B11: Харьков | C11: region_4 | D11: #b77 | E11: 220 Ольшаны (РУЛЬКА) | F11: store_9 | G11: 19794522 | H11: 20005520 | I11: 188212.22 | J11: 223063.28 | K11: 6860 | L11: 140024.65 | M11: 0 | N11: 0 | O11: 0 | P11: 0 | Q11: =H11*O11 -> 0 | R11: =IF(Q11/K11>2,2,Q11/K11) -> 0 | S11: =R11/$S$2*$O$2 -> #DIV/0!
A12: period_2 | B12: Харьков | C12: region_4 | D12: #b77 | E12: 222 Лозовая (РУЛЬКА) | F12: store_10 | G12: 21909086 | H12: 22951290 | I12: 208685.61 | J12: 7435.1 | K12: 16540 | L12: 408158.79 | M12: 0 | N12: 0 | O12: 0 | P12: 0 | Q12: =H12*O12 -> 0 | R12: =IF(Q12/K12>2,2,Q12/K12) -> 0 | S12: =R12/$S$2*$O$2 -> #DIV/0!
A13: period_2 | B13: Харьков | C13: region_4 | D13: #b77 | E13: 229 Красноград (РУЛЬКА) | F13: store_11 | G13: 17009357 | H13: 17127476 | I13: 124955.03 | J13: 190824.85 | K13: 13718 | L13: 129564.88 | M13: 0 | N13: 0 | O13: 0 | P13: 0 | Q13: =H13*O13 -> 0 | R13: =IF(Q13/K13>2,2,Q13/K13) -> 0 | S13: =R13/$S$2*$O$2 -> #DIV/0!
A14: period_2 | B14: Харьков | C14: region_4 | D14: #b77 | E14: 230 Чугуев (РУЛЬКА) | F14: store_12 | G14: 24798734 | H14: 26507856 | I14: 93468.95 | J14: 26600.69 | K14: 475842 | L14: 207175.96 | M14: 0 | N14: 0 | O14: 0 | P14: 0 | Q14: =H14*O14 -> 0 | R14: =IF(Q14/K14>2,2,Q14/K14) -> 0 | S14: =R14/$S$2*$O$2 -> #DIV/0!
... A19: period_2 | B19: Харьков | C19: region_4 | D19: #b77 | E19: 282 Максимовка (ЩЕДРИК) | F19: store_17 | G19: 3312987 | H19: 3213559.5 | I19: 28816.78 | J19: 3780.6 | K19: 205547 | L19: 68784.183 | M19: 0 | N19: 0 | O19: 0 | P19: 0 | Q19: =H19*O19 -> 0 | R19: =IF(Q19/K19>2,2,Q19/K19) -> 0 | S19: =R19/$S$2*$O$2 -> #DIV/0!
A20: period_1 | B20: Белая Церковь | C20: region_2 | D20: #3498db | E20: 100 БЦ (РУЛЬКА) | F20: store_1 | G20: 21379072 | H20: 22377805 | I20: 278296.7 | J20: 452006.75 | K20: 1129236.2 | L20: 109023.98 | M20: 0 | N20: 0 | O20: 0 | P20: 0 | Q20: =H20*O20 -> 0 | R20: =IF(Q20/K20>2,2,Q20/K20) -> 0 | S20: =R20/$T$2*$O$2 -> #DIV/0!
A21: period_1 | B21: Белая Церковь | C21: region_2 | D21: #3498db | E21: 101 БЦ (ЩЕДРИК) | F21: store_2 | G21: 2100233 | H21: 2296569 | I21: 2450.86 | J21: 22035.74 | K21: 112435 | L21: 16538.764 | M21: 0 | N21: 0 | O21: 0 | P21: 0 | Q21: =H21*O21 -> 0 | R21: =IF(Q21/K21>2,2,Q21/K21) -> 0 | S21: =R21/$T$2*$O$2 -> #DIV/0!
A22: period_1 | B22: Белая Церковь | C22: region_2 | D22: #3498db | E22: 102 БЦ (РУЛЬКА) | F22: store_3 | G22: 6000000 | H22: 8754757.3 | I22: 2613.98 | J22: 11687.46 | K22: 881288 | L22: 4645.74 | M22: 0 | N22: 0 | O22: 0 | P22: 0 | Q22: =H22*O22 -> 0 | R22: =IF(Q22/K22>2,2,Q22/K22) -> 0 | S22: =R22/$T$2*$O$2 -> #DIV/0!
A23: period_1 | B23: Белая Церковь | C23: region_2 | D23: #3498db | E23: 87 БЦ (ЩЕДРИК) Грушевского | F23: store_4 | G23: 3232951 | H23: 3156377.3 | I23: 8713.28 | J23: 96077.08 | K23: 193900 | L23: 22909.393 | M23: 0 | N23: 0 | O23: 0 | P23: 0 | Q23: =H23*O23 -> 0 | R23: =IF(Q23/K23>2,2,Q23/K23) -> 0 | S23: =R23/$T$2*$O$2 -> #DIV/0!
A24: period_1 | B24: Днепр | C24: region_3 | D24: #82cda2 | E24: 001 Днепр (РУЛЬКА) | F24: store_5 | G24: 8508152 | H24: 8782254.2 | I24: 114550.21 | J24: 215004.99 | K24: 560636.86 | L24: 17399.486 | M24: 0 | N24: 0 | O24: 0 | P24: 0 | Q24: =H24*O24 -> 0 | R24: =IF(Q24/K24>2,2,Q24/K24) -> 0 | S24: =R24/$T$2*$O$2 -> #DIV/0!
A25: period_1 | B25: Киев | C25: region_1 | D25: #cbb86d | E25: 108 Киев (РУЛЬКА) | F25: store_6 | G25: 6150356 | H25: 6331291.5 | I25: 848.46 | J25: 55561.33 | K25: 357491.39 | L25: 7466.04 | M25: 0 | N25: 0 | O25: 0 | P25: 0 | Q25: =H25*O25 -> 0 | R25: =IF(Q25/K25>2,2,Q25/K25) -> 0 | S25: =R25/$T$2*$O$2 -> #DIV/0!
A26: period_1 | B26: Харьков | C26: region_4 | D26: #b77 | E26: 199 Первомайский (РУЛЬКА) | F26: store_7 | G26: 15306555 | H26: 15570538 | I26: 175447.9 | J26: 272389.03 | K26: 787796.12 | L26: 30519.867 | M26: 0 | N26: 0 | O26: 0 | P26: 0 | Q26: =H26*O26 -> 0 | R26: =IF(Q26/K26>2,2,Q26/K26) -> 0 | S26: =R26/$T$2*$O$2 -> #DIV/0!
A27: period_1 | B27: Харьков | C27: region_4 | D27: #b77 | E27: 210 Люботин (ЩЕДРИК) | F27: store_8 | G27: 3762746 | H27: 3787951.4 | I27: 46493.04 | J27: 76596.06 | K27: 218845.31 | L27: 7222.8 | M27: 0 | N27: 0 | O27: 0 | P27: 0 | Q27: =H27*O27 -> 0 | R27: =IF(Q27/K27>2,2,Q27/K27) -> 0 | S27: =R27/$T$2*$O$2 -> #DIV/0!
A28: period_1 | B28: Харьков | C28: region_4 | D28: #b77 | E28: 220 Ольшаны (РУЛЬКА) | F28: store_9 | G28: 18026002 | H28: 19295922 | I28: 173219.16 | J28: 10841.97 | K28: 918662.31 | L28: 19952.25 | M28: 0 | N28: 0 | O28: 0 | P28: 0 | Q28: =H28*O28 -> 0 | R28: =IF(Q28/K28>2,2,Q28/K28) -> 0 | S28: =R28/$T$2*$O$2 -> #DIV/0!
A29: period_1 | B29: Харьков | C29: region_4 | D29: #b77 | E29: 222 Лозовая (РУЛЬКА) | F29: store_10 | G29: 21282486 | H29: 21928287 | I29: 245143.75 | J29: 258047.3 | K29: 1075360.1 | L29: 30274.82 | M29: 0 | N29: 0 | O29: 0 | P29: 0 | Q29: =H29*O29 -> 0 | R29: =IF(Q29/K29>2,2,Q29/K29) -> 0 | S29: =R29/$T$2*$O$2 -> #DIV/0!
A30: period_1 | B30: Харьков | C30: region_4 | D30: #b77 | E30: 229 Красноград (РУЛЬКА) | F30: store_11 | G30: 16421348 | H30: 16592421 | I30: 166414.34 | J30: 21085.25 | K30: 775214.89 | L30: 24702.48 | M30: 0 | N30: 0 | O30: 0 | P30: 0 | Q30: =H30*O30 -> 0 | R30: =IF(Q30/K30>2,2,Q30/K30) -> 0 | S30: =R30/$T$2*$O$2 -> #DIV/0!
A31: period_1 | B31: Харьков | C31: region_4 | D31: #b77 | E31: 230 Чугуев (РУЛЬКА) | F31: store_12 | G31: 24394317 | H31: 24732367 | I31: 138177.79 | J31: 19775.87 | K31: 949887.36 | L31: 20745.92 | M31: 0 | N31: 0 | O31: 0 | P31: 0 | Q31: =H31*O31 -> 0 | R31: =IF(Q31/K31>2,2,Q31/K31) -> 0 | S31: =R31/$T$2*$O$2 -> #DIV/0!
... A34: period_1 | B34: Харьков | C34: region_4 | D34: #b77 | E34: 267 Пересичное (РУЛЬКА) | F34: store_15 | G34: 15369836 | H34: 16641580 | I34: 146123.65 | J34: 275905.56 | K34: 824999.73 | L34: 23503.42 | M34: 0 | N34: 0 | O34: 0 | P34: 0 | Q34: =H34*O34 -> 0 | R34: =IF(Q34/K34>2,2,Q34/K34) -> 0 | S34: =R34/$T$2*$O$2 -> #DIV/0!
A35: period_1 | B35: Харьков | C35: region_4 | D35: #b77 | E35: 271 Горького (ЩЕДРИК) | F35: store_16 | G35: 1092201 | H35: 1178225.1 | I35: 14922.41 | K35: 64147.12 | L35: 4881.04 | M35: 0 | N35: 0 | O35: 0 | P35: 0 | Q35: =H35*O35 -> 0 | R35: =IF(Q35/K35>2,2,Q35/K35) -> 0 | S35: =R35/$T$2*$O$2 -> #DIV/0!
A36: period_1 | B36: Харьков | C36: region_4 | D36: #b77 | E36: 282 Максимовка (ЩЕДРИК) | F36: store_17 | G36: 2861224 | H36: 3227732 | I36: 45634.55 | J36: 68818.87 | K36: 189660.15 | L36: 5190.968 | M36: 0 | N36: 0 | O36: 0 | P36: 0 | Q36: =H36*O36 -> 0 | R36: =IF(Q36/K36>2,2,Q36/K36) -> 0 | S36: =R36/$T$2*$O$2 -> #DIV/0!
